<keymap version="1" name="Default copy" parent="$default">
  <action id="Back">
    <keyboard-shortcut first-keystroke="ctrl alt left" />
  </action>
  <action id="Debug">
    <keyboard-shortcut first-keystroke="shift f9" />
    <mouse-shortcut keystroke="button4" />
  </action>
  <action id="Forward">
    <keyboard-shortcut first-keystroke="ctrl alt right" />
  </action>
  <action id="Run">
    <keyboard-shortcut first-keystroke="shift f10" />
    <mouse-shortcut keystroke="button5" />
  </action>
</keymap>